<?xml version="1.0" encoding="UTF-8"?>
<!DOCTYPE mapper PUBLIC "-//mybatis.org//DTD Mapper 3.0//EN" "http://mybatis.org/dtd/mybatis-3-mapper.dtd">
<mapper namespace="com.bosch.rbcd.quality.mapper.CcuExpireRecordMapper">

    <resultMap id="QualityCcuExpireRecordMap" type="com.bosch.rbcd.quality.pojo.entity.CcuExpireRecord">
        <result column="id" property="id"/>
        <result column="ccu_id" property="ccuId"/>
        <result column="regular_flag" property="regularFlag"/>
        <result column="expire_date" property="expireDate"/>
        <result column="flow_node" property="flowNode"/>
        <result column="expire_type" property="expireType"/>
        <result column="expire_code" property="expireCode"/>
        <result column="create_time" property="createTime"/>
        <result column="update_time" property="updateTime"/>
    </resultMap>

    <!-- 基本字段 -->
    <sql id="QualityCcuExpireRecord_Column_List">
        id, ccu_id, regular_flag, expire_date, flow_node, expire_type, expire_code, create_time, update_time
    </sql>

    <sql id="BaseQueryCondition">
        <if test="queryParams.id != null">
            and qcer.id = #{queryParams.id}
        </if>
        <if test="queryParams.startTime != null and queryParams.endTime != null">
            and qcer.expire_date <![CDATA[>=]]> DATE_FORMAT(#{queryParams.startTime},'%Y%m%d')
            and qcer.expire_date <![CDATA[<=]]> DATE_FORMAT(#{queryParams.endTime},'%Y%m%d')
        </if>
        <if test="queryParams.projectIdList != null and queryParams.projectIdList.size > 0">
            and qcer.project_id in
            <foreach collection="queryParams.projectIdList" item="item" open="(" separator="," close=")">
                #{item}
            </foreach>
        </if>
        <if test="queryParams.ccuId != null and queryParams.ccuId != ''">
            and qcer.ccu_id = #{queryParams.ccuId}
        </if>
        <if test="queryParams.regularFlag != null">
            and qcer.regular_flag = #{queryParams.regularFlag}
        </if>
        <if test="queryParams.flowNode != null and queryParams.flowNode != ''">
            and qcer.flow_node = #{queryParams.flowNode}
        </if>
        <if test="queryParams.expireType != null">
            and qcer.expire_type = #{queryParams.expireType}
        </if>
        <if test="queryParams.expireCode != null and queryParams.expireCode != ''">
            and qcer.expire_code = #{queryParams.expireCode}
        </if>
        <if test="queryParams.solveStatus != null">
            and qcer.solve_status = #{queryParams.solveStatus}
        </if>
        <if test="queryParams.vin != null  and queryParams.vin != '' ">
            and mv.vin like concat ('%',#{queryParams.vin},'%')
        </if>
        <if test="queryParams.vehicleName != null  and queryParams.vehicleName != '' ">
            and mv.name like concat ('%',#{queryParams.vehicleName},'%')
        </if>
        <if test="queryParams.engineNo != null  and queryParams.engineNo != '' ">
            and mv.engine_no like concat ('%',#{queryParams.engineNo},'%')
        </if>
        <if test="queryParams.shortSn != null  and queryParams.shortSn != '' ">
            and cdi.short_sn like concat ('%',#{queryParams.shortSn},'%')
        </if>
        <if test="queryParams.ccuNo  != null  and queryParams.ccuNo != '' ">
            and cdi.ccu_no like concat ('%',#{queryParams.ccuNo },'%')
        </if>
        <if test="queryParams.imei  != null  and queryParams.imei != '' ">
            and cdi.imei like concat ('%',#{queryParams.imei},'%')
        </if>
        <if test="queryParams.softwareVersion  != null  and queryParams.softwareVersion != '' ">
            and cdi.software_version like concat ('%',#{queryParams.softwareVersion},'%')
        </if>
    </sql>

    <!--通过查询实体作为筛选条件查询-->
    <select id="listQualityCcuExpireRecordPage" resultType="com.bosch.rbcd.quality.pojo.vo.CcuExpireRecordVO">
        select
            qcer.id as id,
            qcer.expire_type as expire_type,
            qcer.expire_code as expire_code,
            qcer.expire_date as expire_date,
            qcer.solve_status as solve_status,
            qcer.software_version as software_version,
            qcer.user_id as user_id,
            (select su.real_name from sys_user as su where su.id = qcer.user_id) as user_name,
            cdi.ccu_id as ccu_id,
            cdi.sn as sn,
            cdi.imei as sn,
            cdi.short_sn as short_sn,
            cdi.hardware_type_id as hardware_type_id,
            (select cht.name from ccu_hardware_type as cht where cht.id = cdi.hardware_type_id) as hardware_type_name,
            mv.vin as vin
        from quality_ccu_expire_record as qcer
        left join ccu_device_info as cdi on qcer.ccu_id = cdi.ccu_id
        LEFT JOIN monitor_vehicle as mv on qcer.vehicle_id = mv.id
        <where>
            <if test="queryParams.id != null">
                and qcer.id = #{queryParams.id}
            </if>
            <if test="queryParams.startTime != null and queryParams.endTime != null">
                and qcer.expire_date <![CDATA[>=]]> DATE_FORMAT(#{queryParams.startTime},'%Y%m%d')
                and qcer.expire_date <![CDATA[<=]]> DATE_FORMAT(#{queryParams.endTime},'%Y%m%d')
            </if>
            <if test="queryParams.projectIdList != null and queryParams.projectIdList.size > 0">
                and qcer.project_id in
                <foreach collection="queryParams.projectIdList" item="item" open="(" separator="," close=")">
                    #{item}
                </foreach>
            </if>
            <if test="queryParams.ccuId != null and queryParams.ccuId != ''">
                and qcer.ccu_id = #{queryParams.ccuId}
            </if>
            <if test="queryParams.expireType != null">
                and qcer.expire_type = #{queryParams.expireType}
            </if>
            <if test="queryParams.expireCode != null and queryParams.expireCode != ''">
                and qcer.expire_code = #{queryParams.expireCode}
            </if>
            <if test="queryParams.solveStatus != null">
                and qcer.solve_status = #{queryParams.solveStatus}
            </if>
            <if test="queryParams.hardwareTypeId != null">
                and cdi.hardware_type_id = #{queryParams.hardwareTypeId}
            </if>

            <if test="queryParams.vin != null  and queryParams.vin != '' ">
                and mv.vin like concat ('%',#{queryParams.vin},'%')
            </if>
            <if test="queryParams.sn != null  and queryParams.sn != '' ">
                and cdi.sn like concat ('%', #{queryParams.sn}, '%')
            </if>
            <if test="queryParams.imei  != null  and queryParams.imei != '' ">
                and cdi.imei like concat ('%', #{queryParams.imei}, '%')
            </if>
            <if test="queryParams.softwareVersion != null and queryParams.softwareVersion != '' ">
                and qcer.software_version like concat ('%', #{queryParams.softwareVersion}, '%')
            </if>
        </where>
    </select>

    <select id="getTop10CcuPieData" resultType="com.bosch.rbcd.common.web.vo.echarts.NameValueVO">
        select cdi.sn as name, count(1) as value
        from quality_ccu_expire_record qcer
        left join ccu_device_info cdi on qcer.ccu_id = cdi.ccu_id
        LEFT JOIN monitor_vehicle mv on cdi.ccu_id = mv.ccu_id
        <where>
            <include refid="BaseQueryCondition"/>
        </where>
        group by qcer.ccu_id
        order by value desc
        limit 10
    </select>

    <select id="pageOverviewTable" resultType="java.util.Map">
        select cdi.ccu_id as ccuId, cdi.sn as sn, count(*) as sum
        from quality_ccu_expire_record qcer
        left join ccu_device_info cdi on qcer.ccu_id = cdi.ccu_id
        <where>
            <if test="queryParams.startTime != null and queryParams.endTime != null">
                and qcer.expire_date <![CDATA[>=]]> DATE_FORMAT(#{queryParams.startTime},'%Y%m%d')
                and qcer.expire_date <![CDATA[<=]]> DATE_FORMAT(#{queryParams.endTime},'%Y%m%d')
            </if>
            <if test="queryParams.projectIdList != null and queryParams.projectIdList.size > 0">
                and qcer.project_id in
                <foreach collection="queryParams.projectIdList" item="item" open="(" separator="," close=")">
                    #{item}
                </foreach>
            </if>
            <if test="queryParams.ccuId != null and queryParams.ccuId != ''">
                and qcer.ccu_id = #{queryParams.ccuId}
            </if>
            <if test="queryParams.expireType != null">
                and qcer.expire_type = #{queryParams.expireType}
            </if>
            <if test="queryParams.expireCode != null and queryParams.expireCode != ''">
                and qcer.expire_code = #{queryParams.expireCode}
            </if>
        </where>
        group by qcer.ccu_id
    </select>

    <select id="getSummaryCardInfo" resultType="java.lang.Long">
        select count(distinct qcer.ccu_id) from quality_ccu_expire_record qcer
        left join ccu_device_info cdi on qcer.ccu_id = cdi.ccu_id
        LEFT JOIN monitor_vehicle mv on cdi.ccu_id = mv.ccu_id
        <where>
            <include refid="BaseQueryCondition"/>
        </where>
    </select>

    <select id="statistics" resultType="com.bosch.rbcd.quality.pojo.vo.CcuExpireRecordStatisticVO">
        SELECT
            qcer.expire_date as expire_date,
            count(*) as expire_count
        FROM quality_ccu_expire_record as qcer
            LEFT JOIN ccu_device_info as cdi on qcer.ccu_id = cdi.ccu_id
        <where>
            <if test="startTime != null">
                and qcer.expire_date &gt;= DATE_FORMAT(#{startTime},'%Y%m%d')
            </if>
            <if test="endTime != null">
                and qcer.expire_date &lt;= DATE_FORMAT(#{endTime},'%Y%m%d')
            </if>
            <if test="projectIdList != null">
                and cdi.project_id in
                <foreach collection="projectIdList" item="projectId" open="(" separator="," close=")">
                    #{projectId}
                </foreach>
            </if>
            and qcer.expire_type = 2
        </where>
        group by qcer.expire_date
        order by qcer.expire_date
    </select>

    <select id="queryById" resultType="com.bosch.rbcd.quality.pojo.vo.CcuExpireRecordVO">
        SELECT
            qcer.id as id,
            qcer.ccu_id as ccu_id,
            cdi.sn as sn,
            cdi.short_sn as short_sn,
            cdi.imei as imei,
            cdi.hardware_type_id as hardware_type_id,
            (select cht.name from ccu_hardware_type as cht where cht.id = qcer.hardware_type_id) as hardware_type_name,
            qcer.vehicle_id as vehicle_id,
            (select mv.vin from monitor_vehicle as mv where mv.id = qcer.vehicle_id) as vin,
            qcer.project_id as project_id,
            qcer.regular_flag as regular_flag,
            qcer.expire_date as expire_date,
            qcer.flow_node as flow_node,
            qcer.expire_type as expire_type,
            qcer.expire_code as expire_code,
            qcer.analysis as analysis,
            qcer.solution as solution,
            qcer.user_id as user_id,
            (select su.real_name from sys_user as su where su.id = qcer.user_id) as user_name,
            qcer.solve_status as solve_status,
            qcer.software_version as software_version,
            qcer.create_time as create_time,
            qcer.update_time as update_time
        FROM quality_ccu_expire_record as qcer
        LEFT JOIN ccu_device_info as cdi on qcer.ccu_id = cdi.ccu_id
        where qcer.id = #{id}
    </select>
</mapper>

