<?xml version="1.0" encoding="UTF-8"?>
<!DOCTYPE mapper PUBLIC "-//mybatis.org//DTD Mapper 3.0//EN" "http://mybatis.org/dtd/mybatis-3-mapper.dtd">
<mapper namespace="com.bosch.rbcd.quality.mapper.CcuSelfCheckConfigMapper">

    <resultMap id="CcuSelfCheckConfigMap" type="com.bosch.rbcd.quality.pojo.entity.CcuSelfCheckConfig">
        <result column="id" property="id"/>
        <result column="error_type_code" property="errorTypeCode"/>
        <result column="error_type_label" property="errorTypeLabel"/>
        <result column="error_reason_code" property="errorReasonCode"/>
        <result column="error_reason_label" property="errorReasonLabel"/>
        <result column="check_type" property="checkType"/>
        <result column="root_type" property="rootType"/>
        <result column="comment" property="comment"/>
        <result column="tips" property="tips"/>
        <result column="priority" property="priority"/>
        <result column="create_time" property="createTime"/>
        <result column="update_time" property="updateTime"/>
    </resultMap>

    <select id="getErrorCheckInfo" resultType="com.bosch.rbcd.quality.pojo.entity.CcuSelfCheckConfig">
        select * from ccu_self_check_config cscc
        where
        cscc.check_type = '错误'
        and cscc.priority is not null and cscc.priority != ''
        and concat( cscc.error_type_code,cscc.error_reason_code) in
        <foreach collection="codeList" item="item" open="(" separator="," close=")">
            #{item}
        </foreach>
        order by cscc.priority
        limit 1
    </select>
</mapper>

