<?xml version="1.0" encoding="UTF-8" ?>
<!DOCTYPE mapper PUBLIC "-//mybatis.org//DTD Mapper 3.0//EN" "http://mybatis.org/dtd/mybatis-3-mapper.dtd" >
<mapper namespace="com.bosch.rbcd.quality.mapper.DataLossRateMapper">

    <select id="getAverageRate" resultType="java.lang.Double">
        SELECT AVG(rate) rate
        FROM quality_loss_rate
        <where>
            <if test="pageQuery.startTime != null">
                and count_day <![CDATA[>=]]>  #{pageQuery.startTime}
            </if>
            <if test="pageQuery.endTime != null">
                and count_day <![CDATA[<=]]>  #{pageQuery.endTime}
            </if>
            <if test="pageQuery.projectIdList != null">
                and project_id in
                <foreach collection="pageQuery.projectIdList" item="projectId" open="(" separator="," close=")">
                    #{projectId}
                </foreach>
            </if>
        </where>
    </select>

</mapper>
