<?xml version="1.0" encoding="UTF-8" ?>
<!DOCTYPE mapper PUBLIC "-//mybatis.org//DTD Mapper 3.0//EN" "http://mybatis.org/dtd/mybatis-3-mapper.dtd" >
<mapper namespace="com.bosch.rbcd.quality.mapper.DataLossMapper">

    <sql id="overviewQuerySql">
        <if test="query.startTime != null">
            and now_sec_time &gt;= #{query.startTime}
        </if>
        <if test="query.endTime != null">
            and now_sec_time &lt;= #{query.endTime}
        </if>
        <if test="query.projectId != null">
            and project_id = #{query.projectId}
        </if>
        <if test="query.projectIdList != null">
            and project_id in
            <foreach collection="query.projectIdList" item="projectId" open="(" separator="," close=")">
                #{projectId}
            </foreach>
        </if>
    </sql>

    <select id="countLostDevice" resultType="java.lang.Long">
        SELECT count(distinct ccu_id)
        from quality_data_loss
        <where>
            <include refid="overviewQuerySql"></include>
        </where>
    </select>

    <select id="countLostEvent" resultType="java.lang.Long">
        SELECT count(*)
        from quality_data_loss
        <where>
            <include refid="overviewQuerySql"></include>
        </where>
    </select>

    <select id="countLostMileage" resultType="java.lang.Long">
        SELECT sum(mileage_diff)
        from quality_data_loss
        <where>
            <include refid="overviewQuerySql"></include>
        </where>
    </select>

    <resultMap id="voMap" type="com.bosch.rbcd.quality.pojo.vo.DataLossVO">
        <id column="id" property="id"/>
        <result column="project_id" property="projectId"/>
        <result column="project_name" property="projectName"/>
        <result column="vehicle_id" property="vehicleId"/>
        <result column="vin" property="vin"/>
        <result column="ccu_id" property="ccuId"/>
        <result column="software_version" property="softwareVersion"/>
        <result column="imei" property="imei"/>
        <result column="sn" property="sn"/>
        <result column="short_sn" property="shortSn"/>
        <result column="last_sec_time" property="lastSecTime"/>
        <result column="last_sec_mileage" property="lastSecMileage"/>
        <result column="now_sec_time" property="nowSecTime"/>
        <result column="now_sec_mileage" property="nowSecMileage"/>
        <result column="time_diff" property="timeDiff"/>
        <result column="mileage_diff" property="mileageDiff"/>
        <result column="handler_id" property="handlerId"/>
        <result column="handler_name" property="handlerName"/>
        <result column="reason_type" property="reasonType"/>
        <result column="cause_analysis" property="causeAnalysis"/>
        <result column="solve_status" property="solveStatus"/>
        <result column="create_time" property="createTime"/>
        <result column="update_time" property="updateTime"/>

    </resultMap>

    <select id="pageQuery" resultMap="voMap">
        select
            qdl.project_id as project_id,
            qdl.vehicle_id as vehicle_id,
            qdl.ccu_id as ccu_id,
            cdi.imei as imei,
            cdi.sn as sn,
            cdi.short_sn as short_sn,
            mv.vin as vin,
            qdl.now_sec_time as now_sec_time,
            qdl.now_sec_mileage as now_sec_mileage,
            qdl.mileage_diff as mileage_diff,
            qdl.software_version as software_version,
            qdl.handler_id as handler_id,
            (select su.real_name from sys_user as su where su.id = qdl.handler_id) as handler_name,
            qdl.reason_type as reason_type,
            qdl.solve_status as solve_status

        from quality_data_loss as qdl
        left join ccu_device_info as cdi on qdl.ccu_id = cdi.ccu_id
        left join monitor_vehicle as mv on qdl.vehicle_id = mv.id
        <where>
            <if test="query.startTime != null">
                and qdl.now_sec_time &gt;= #{query.startTime}
            </if>
            <if test="query.endTime != null">
                and qdl.now_sec_time &lt;= #{query.endTime}
            </if>
            <if test="query.projectId != null">
                and qdl.project_id = #{query.projectId}
            </if>
            <if test="query.projectIdList">
                and qdl.project_id in
                <foreach collection="query.projectIdList" item="projectId" open="(" separator="," close=")">
                    #{projectId}
                </foreach>
            </if>
            <if test="query.solveStatus != null">
                and qdl.solve_status = #{query.solveStatus}
            </if>
            <if test="query.reasonType != null">
                and qdl.reason_type = #{query.reasonType}
            </if>
            <if test="query.mileageDiffFrom != null">
                and qdl.mileageDiff &gt;= #{query.mileageDiffFrom}
            </if>
            <if test="query.mileageDiffTo != null">
                and qdl.mileageDiff &lt;= #{query.mileageDiffTo}
            </if>
            <if test="query.softwareVersion != null and query.softwareVersion != '' ">
                and qdl.software_version like concat('%', #{query.softwareVersion}, '%')
            </if>
            <if test="query.imei != null and query.imei != '' ">
                and cdi.imei like concat('%', #{query.imei}, '%')
            </if>
            <if test="query.sn != null and query.sn != '' ">
                and cdi.sn like concat('%', #{query.sn}, '%')
            </if>
            <if test="query.vin != null and query.vin != '' ">
                and mv.vin like concat('%', #{query.vin}, '%')
            </if>
        </where>
    </select>

    <select id="detail" resultMap="voMap">
        select
            qdl.id as id,
            qdl.project_id as project_id,
            (select fp.name from fleet_project as fp where fp.id = qdl.project_id) as project_name,
            qdl.vehicle_id as vehicle_id,
            (select mv.vin from fleet_vehicle as mv where mv.id = qdl.vehicle_id) as vin,
            qdl.ccu_id as ccu_id,
            (select cdi.imei from ccu_device_info as cdi where cdi.ccu_id = qdl.ccu_id) as imei,
            qdl.software_version as software_version,
            qdl.last_sec_time as last_sec_time,
            qdl.last_sec_mileage as last_sec_mileage,
            qdl.now_sec_time as now_sec_time,
            qdl.now_sec_mileage as now_sec_mileage,
            qdl.time_diff as time_diff,
            qdl.mileage_diff as mileage_diff,
            qdl.handler_id as handler_id,
            (select su.real_name from sys_user as su where su.id = qdl.handler_id) as handler_name,
            qdl.reason_type as reason_type,
            qdl.cause_analysis as cause_analysis,
            qdl.solve_status as solve_status
        from quality_data_loss as qdl
        where qdl.id = #{id}
    </select>

</mapper>
