<?xml version="1.0" encoding="UTF-8"?>
<!DOCTYPE mapper PUBLIC "-//mybatis.org//DTD Mapper 3.0//EN" "http://mybatis.org/dtd/mybatis-3-mapper.dtd">
<mapper namespace="com.bosch.rbcd.quality.mapper.GpsLossMapper">

    <resultMap id="voMap" type="com.bosch.rbcd.quality.pojo.vo.GpsLossVO">
        <id column="id" property="id"/>
        <result column="project_id" property="projectId"/>
        <result column="project_name" property="projectName"/>
        <result column="vehicle_id" property="vehicleId"/>
        <result column="vin" property="vin"/>
        <result column="ccu_id" property="ccuId"/>
        <result column="software_version" property="softwareVersion"/>
        <result column="imei" property="imei"/>
        <result column="sn" property="sn"/>
        <result column="short_sn" property="shortSn"/>
        <result column="type" property="type"/>
        <result column="start_time" property="startTime"/>
        <result column="end_time" property="endTime"/>
        <result column="handler_id" property="handlerId"/>
        <result column="handler_name" property="handlerName"/>
        <result column="reason_type" property="reasonType"/>
        <result column="cause_analysis" property="causeAnalysis"/>
        <result column="solve_status" property="solveStatus"/>
        <result column="create_time" property="createTime"/>
        <result column="update_time" property="updateTime"/>

    </resultMap>

    <select id="pageQuery" resultMap="voMap">
        select
            qgl.project_id as project_id,
            qgl.vehicle_id as vehicle_id,
            qgl.ccu_id as ccu_id,
            cdi.imei as imei,
            cdi.sn as sn,
            cdi.short_sn as short_sn,
            mv.vin as vin,
            qgl.start_time as start_time,
            qgl.end_time as end_time,
            qgl.software_version as software_version,
            qgl.handler_id as handler_id,
            (select su.real_name from sys_user as su where su.id = qgl.handler_id) as handler_name,
            qgl.reason_type as reason_type,
            qgl.solve_status as solve_status

        from quality_gps_loss as qgl
        left join ccu_device_info as cdi on qgl.ccu_id = cdi.ccu_id
        left join monitor_vehicle as mv on qgl.vehicle_id = mv.id
        <where>
            <if test="query.startTime != null">
                and qgl.start_time &gt;= #{query.startTime}
            </if>
            <if test="query.endTime != null">
                and qgl.start_time &lt;= #{query.endTime}
            </if>
            <if test="query.projectId != null">
                and qgl.project_id = #{query.projectId}
            </if>
            <if test="query.projectIdList">
                and qgl.project_id in
                <foreach collection="query.projectIdList" item="projectId" open="(" separator="," close=")">
                    #{projectId}
                </foreach>
            </if>
            <if test="query.solveStatus != null">
                and qgl.solve_status = #{query.solveStatus}
            </if>
            <if test="query.reasonType != null">
                and qgl.reason_type = #{query.reasonType}
            </if>
            and qgl.type = 1
            <if test="query.softwareVersion != null and query.softwareVersion != '' ">
                and qgl.software_version like concat('%', #{query.softwareVersion}, '%')
            </if>
            <if test="query.imei != null and query.imei != '' ">
                and cdi.imei like concat('%', #{query.imei}, '%')
            </if>
            <if test="query.sn != null and query.sn != '' ">
                and cdi.sn like concat('%', #{query.sn}, '%')
            </if>
            <if test="query.vin != null and query.vin != '' ">
                and mv.vin like concat('%', #{query.vin}, '%')
            </if>
        </where>
    </select>

    <select id="detail" resultMap="voMap">
        select
            qgl.id as id,
            qgl.project_id as project_id,
            (select fp.name from fleet_project as fp where fp.id = qgl.project_id) as project_name,
            qgl.vehicle_id as vehicle_id,
            (select mv.vin from fleet_vehicle as mv where mv.id = qgl.vehicle_id) as vin,
            qgl.ccu_id as ccu_id,
            (select cdi.imei from ccu_device_info as cdi where cdi.ccu_id = qgl.ccu_id) as imei,
            qgl.start_time as start_time,
            qgl.end_time as end_time,
            qgl.handler_id as handler_id,
            (select su.real_name from sys_user as su where su.id = qgl.handler_id) as handler_name,
            qgl.reason_type as reason_type,
            qgl.cause_analysis as cause_analysis,
            qgl.solve_status as solve_status
        from quality_gps_loss as qgl
        where qgl.id = #{id}
    </select>
</mapper>

