<?xml version="1.0" encoding="UTF-8"?>
<!DOCTYPE mapper PUBLIC "-//mybatis.org//DTD Mapper 3.0//EN" "http://mybatis.org/dtd/mybatis-3-mapper.dtd">
<mapper namespace="com.bosch.rbcd.quality.mapper.QualityEventRecordMapper">

    <resultMap id="QualityEventRecordMap" type="com.bosch.rbcd.quality.pojo.entity.QualityEventRecord">
        <result column="id" property="id"/>
        <result column="event_type" property="eventType"/>
        <result column="event_id" property="eventId"/>
        <result column="vehicle_id" property="vehicleId"/>
        <result column="vin" property="vin"/>
        <result column="occur_time" property="occurTime"/>
        <result column="finish_time" property="finishTime"/>
        <result column="ccu_status" property="ccuStatus"/>
        <result column="gps_status" property="gpsStatus"/>
        <result column="mqtt_status" property="mqttStatus"/>
        <result column="person_in_charge" property="personInCharge"/>
        <result column="handler_id" property="handlerId"/>
        <result column="cause_analysis" property="causeAnalysis"/>
        <result column="solve_status" property="solveStatus"/>
        <result column="create_time" property="createTime"/>
        <result column="update_time" property="updateTime"/>
        <result column="project_id" property="projectId"/>
        <result column="ccu_id" property="ccuId"/>
        <result column="ccu_no" property="ccuNo"/>
    </resultMap>

    <!-- 基本字段 -->
    <sql id="QualityEventRecord_Column_List">
        id, event_type, event_id, vehicle_id, vin, occur_time, finish_time, ccu_status, gps_status, mqtt_status, person_in_charge, handler_id, cause_analysis, solve_status, create_time, update_time, project_id, ccu_id, ccu_no
    </sql>

    <sql id="Base_Query_SQL">
        <if test="queryParams.startTime != null">
            and qer.occur_time <![CDATA[>=]]> #{queryParams.startTime}
        </if>
        <if test="queryParams.endTime != null">
            and qer.occur_time <![CDATA[<=]]> #{queryParams.endTime}
        </if>
        <if test="queryParams.projectId !=null and (queryParams.ccuIdList == null or queryParams.ccuIdList.size() == 0)">
            and qer.project_id = #{queryParams.projectId}
        </if>
        <if test="queryParams.ccuIdList != null  and queryParams.ccuIdList.size() > 0">
            and qer.ccu_id in
            <foreach collection="queryParams.ccuIdList" item="ccuId" open="(" close=")" separator=",">
                #{ccuId}
            </foreach>
        </if>
        <if test="queryParams.eventTypeList != null and queryParams.eventTypeList.size() > 0">
            and qer.event_type in
            <foreach collection="queryParams.eventTypeList" item="item" open="(" close=")" separator=",">
                #{item}
            </foreach>
        </if>
        <if test="queryParams.reasonTypeList != null and queryParams.reasonTypeList.size > 0">
            and qer.reason_type in
            <foreach collection="queryParams.reasonTypeList" item="item" open="(" close=")" separator=",">
                #{item}
            </foreach>
        </if>
        <if test="queryParams.ccuNoList != null  and queryParams.ccuNoList.size() > 0">
            and qer.ccuNo in
            <foreach collection="queryParams.ccuNoList" item="item" open="(" close=")" separator=",">
                #{item}
            </foreach>
        </if>
        <if test="queryParams.ccuStatus != null and queryParams.ccuStatus != ''">
            and qer.ccu_status = #{queryParams.ccuStatus}
        </if>
        <if test="queryParams.gpsStatus != null and queryParams.gpsStatus != ''">
            and qer.gps_status = #{queryParams.gpsStatus}
        </if>
        <if test="queryParams.mqttStatus != null and queryParams.mqttStatus != ''">
            and qer.mqtt_status = #{queryParams.mqttStatus}
        </if>
        <if test="queryParams.handlerId != null and queryParams.handlerId != ''">
            and qer.handler_id = #{queryParams.handlerId}
        </if>
        <if test="queryParams.solveStatus != null and queryParams.solveStatus != ''">
            and qer.solve_status = #{queryParams.solveStatus}
        </if>
    </sql>

    <sql id="ccu_vehicle_query">
        <if test="queryParams.vin != null  and queryParams.vin != '' ">
            and mv.vin like concat ('%',#{queryParams.vin},'%')
        </if>
        <if test="queryParams.vehicleName != null  and queryParams.vehicleName != '' ">
            and mv.name like concat ('%',#{queryParams.vehicleName},'%')
        </if>
        <if test="queryParams.engineNo != null  and queryParams.engineNo != '' ">
            and mv.engine_no like concat ('%',#{queryParams.engineNo},'%')
        </if>
        <if test="queryParams.shortSn != null  and queryParams.shortSn != '' ">
            and cdi.short_sn like concat ('%',#{queryParams.shortSn},'%')
        </if>
        <if test="queryParams.ccuNo  != null  and queryParams.ccuNo != '' ">
            and cdi.ccu_no like concat ('%',#{queryParams.ccuNo },'%')
        </if>
        <if test="queryParams.imei  != null  and queryParams.imei != '' ">
            and cdi.imei like concat ('%',#{queryParams.imei},'%')
        </if>
    </sql>

    <update id="batchSolveRecord">
        update quality_event_record
        set handler_id = #{handlerId},
        solve_status = #{solveStatus},
        reason_type = #{reasonType},
        finish_time = now(),
        cause_analysis = #{causeAnalysis}
        <where>
            <if test="recordIdList != null  and recordIdList.size() > 0">
                and id in
                <foreach collection="recordIdList" item="item" open="(" close=")" separator=",">
                    #{item}
                </foreach>
            </if>
        </where>
    </update>

    <!--通过查询实体作为筛选条件查询-->
    <select id="listQualityEventRecordPage" resultType="com.bosch.rbcd.quality.pojo.vo.QualityEventRecordVO">
        select qer.*, mv.vin as vin
        from quality_event_record as qer
        left join monitor_vehicle as mv on mv.ccu_id = qer.ccu_id
        left join ccu_device_info cdi on qer.ccu_id = cdi.ccu_id
        <where>
            <include refid="Base_Query_SQL"/>
            <include refid="ccu_vehicle_query"/>
        </where>
        <if test="queryParams.orders == null or queryParams.orders.size() == 0">
            order by qer.ccu_id asc, qer.occur_time desc
        </if>

    </select>

    <select id="getTop10VehiclePieData" resultType="com.bosch.rbcd.common.web.vo.echarts.NameValueVO">
        select qer.ccu_no as name, count(1) value
        from quality_event_record as qer
        left join monitor_vehicle as mv on mv.ccu_id = qer.ccu_id
        left join ccu_device_info cdi on qer.ccu_id = cdi.ccu_id
        <where>
            <include refid="Base_Query_SQL"/>
            <include refid="ccu_vehicle_query"/>
        </where>
        group by qer.ccu_id order by value desc limit 10
    </select>

    <select id="countQualityEventRecord" resultType="java.lang.Integer">
        select count(1) value
        from quality_event_record as qer
        left join monitor_vehicle as mv on mv.ccu_id = qer.ccu_id
        left join ccu_device_info cdi on qer.ccu_id = cdi.ccu_id
        <where>
            <include refid="Base_Query_SQL"/>
            <include refid="ccu_vehicle_query"/>
        </where>
    </select>

    <select id="pageCountQualityEventRecord" resultType="java.util.Map">
        select
        qer.ccu_no as ccuNo,
        qer.ccu_id as ccuId,
        count(1) as sum
        from quality_event_record as qer
        left join monitor_vehicle as mv on mv.ccu_id = qer.ccu_id
        left join ccu_device_info cdi on qer.ccu_id = cdi.ccu_id
        <where>
            <include refid="Base_Query_SQL"/>
            <include refid="ccu_vehicle_query"/>
        </where>
        group by qer.ccu_id
        order by qer.ccu_no
    </select>

    <select id="getEventVehicleCountMap" resultType="java.util.Map">
        select
        qer.ccu_no as ccuNo,
        qer.ccu_id as ccuId,
        count(1) as value
        from quality_event_record as qer
        left join monitor_vehicle as mv on mv.ccu_id = qer.ccu_id
        left join ccu_device_info cdi on qer.ccu_id = cdi.ccu_id
        <where>
            <include refid="Base_Query_SQL"/>
            <include refid="ccu_vehicle_query"/>
        </where>
        group by qer.ccu_id
    </select>

    <select id="queryDistinctCcuIdByTime" resultType="java.lang.String">
        select distinct ccu_id
        from quality_event_record
        where occur_time &gt;= #{startTime}
          and occur_time &lt; #{endTime}
    </select>

    <!--通过查询实体作为筛选条件查询-->
    <select id="getPersonInChargeEmpty" resultType="com.bosch.rbcd.quality.pojo.entity.QualityEventRecord">
        select id, ccu_id, event_type
        from quality_event_record
        where person_in_charge is null
    </select>
</mapper>

