<?xml version="1.0" encoding="UTF-8" ?>
<!DOCTYPE mapper PUBLIC "-//mybatis.org//DTD Mapper 3.0//EN" "http://mybatis.org/dtd/mybatis-3-mapper.dtd" >
<mapper namespace="com.bosch.rbcd.quality.mapper.UserNoticeMapper">

    <resultMap id="voMap" type="com.bosch.rbcd.quality.pojo.vo.UserNoticeVO">
        <id column="id" property="id"/>
        <id column="project_id" property="projectId"/>
        <id column="user_id" property="userId"/>
        <id column="username" property="username"/>
        <id column="send_email" property="sendEmail"/>
        <id column="ccu_expire" property="ccuExpire"/>
        <id column="data_loss" property="dataLoss"/>
        <id column="gps_loss" property="gpsLoss"/>
    </resultMap>

    <select id="pageQuery" resultMap="voMap">
        select
            distinct fpu.user_id as user_id,
            fpu.project_id as project_id,
            qun.id as id,
            qun.send_email as send_email,
            qun.ccu_expire as ccu_expire,
            qun.data_loss as data_loss,
            qun.gps_loss as gps_loss,
            su.real_name as username
        from fleet_project_user as fpu
        left join quality_user_notice as qun on fpu.project_id = qun.project_id and fpu.user_id = qun.user_id
        left join sys_user as su on fpu.user_id = su.id
        <where>
            <if test="query.projectId != null ">
                and fpu.project_id = #{query.projectId}
            </if>
            <if test="query.username != null and query.username != '' ">
                and su.real_name like concat('%', #{query.username}, '%')
            </if>
        </where>
        order by su.real_name
    </select>


</mapper>
