<?xml version="1.0" encoding="UTF-8"?>
<configuration>
<property>
<name>hadoop.security.groups.cache.secs</name>
<value>60</value>
</property>
<property>
<name>hbase.master.mob.ttl.cleaner.period</name>
<value>86400</value>
</property>
<property>
<name>hadoop.proxyuser.mapred.hosts</name>
<value>*</value>
</property>
<property>
<name>fs.nas.task.nodes</name>
<value></value>
</property>
<property>
<name>hbase.kerberos.principal</name>
<value>hbase/hadoop.f983b5a3_1ba3_4e32_970e_69f42b597b06.com@F983B5A3_1BA3_4E32_970E_69F42B597B06.COM</value>
</property>
<property>
<name>hadoop.security.auth_to_local</name>
<value>RULE:[1:$1]
RULE:[2:$1]
DEFAULT</value>
</property>
<property>
<name>ipc.ping.interval</name>
<value>60000</value>
</property>
<property>
<name>hbase.mob.file.cache.size</name>
<value>1000</value>
</property>
<property>
<name>fs.obs.copy.threads.max</name>
<value>20</value>
</property>
<property>
<name>hadoop.proxyuser.rest.hosts</name>
<value>*</value>
</property>
<property>
<name>fs.obs.auth.agency-mapping.localpath</name>
<value>/opt/Bigdata/agency-mapping.properties</value>
</property>
<property>
<name>fs.obs.security.provider</name>
<value>com.huawei.mrs.MrsObsCredentialsProvider</value>
</property>
<property>
<name>fs.obs.threads.max</name>
<value>20</value>
</property>
<property>
<name>fs.obs.list.threads.core</name>
<value>40</value>
</property>
<property>
<name>hadoop.proxyuser.spark.hosts</name>
<value>*</value>
</property>
<property>
<name>fs.obs.readahead.inputstream.enabled</name>
<value>false</value>
</property>
<property>
<name>fs.obs.socket.recv.buffer</name>
<value>65536</value>
</property>
<property>
<name>fs.obs.metrics.switch</name>
<value>true</value>
</property>
<property>
<name>hadoop.proxyuser.spark.groups</name>
<value>*</value>
</property>
<property>
<name>hadoop.proxyuser.loader.groups</name>
<value>*</value>
</property>
<property>
<name>dfs.encrypt.data.transfer.cipher.suites</name>
<value>AES/CTR/NoPadding</value>
</property>
<property>
<name>hadoop.proxyuser._default_proxy_user_.hosts</name>
<value>*</value>
</property>
<property>
<name>hadoop.proxyuser.spark2x.groups</name>
<value>*</value>
</property>
<property>
<name>hadoop.proxyuser.mapred.groups</name>
<value>*</value>
</property>
<property>
<name>hadoop.security.logout.ui.enable</name>
<value>true</value>
</property>
<property>
<name>hadoop.security.group.mapping</name>
<value>org.apache.hadoop.security.ShellBasedUnixGroupsMapping</value>
</property>
<property>
<name>hadoop.ssl.keystores.factory.class</name>
<value>org.apache.hadoop.security.ssl.FileBasedKeyStoresFactory</value>
</property>
<property>
<name>fs.obs.list.parallel.factor</name>
<value>80</value>
</property>
<property>
<name>hadoop.proxyuser.miner.groups</name>
<value>*</value>
</property>
<property>
<name>hadoop.security.crypto.buffer.size</name>
<value>8192</value>
</property>
<property>
<name>ipc.client.rpc-timeout.ms</name>
<value>300000</value>
</property>
<property>
<name>hadoop.proxyuser.miner.hosts</name>
<value>*</value>
</property>
<property>
<name>fs.obs.socket.send.buffer</name>
<value>65536</value>
</property>
<property>
<name>hadoop.proxyuser.pollux.hosts</name>
<value>*</value>
</property>
<property>
<name>hadoop.registry.secure</name>
<value>false</value>
</property>
<property>
<name>hadoop.proxyuser.omm.groups</name>
<value>*</value>
</property>
<property>
<name>hadoop.ssl.enabled.protocols</name>
<value>TLSv1.2</value>
</property>
<property>
<name>hadoop.proxyuser.spark2x.hosts</name>
<value>*</value>
</property>
<property>
<name>fs.obs.max.total.tasks</name>
<value>20</value>
</property>
<property>
<name>fs.trash.interval</name>
<value>2880</value>
</property>
<property>
<name>fs.obs.secret.key</name>
<value></value>
</property>
<property>
<name>fs.obs.fast.upload</name>
<value>true</value>
</property>
<property>
<name>hbase.mob.compaction.batch.size</name>
<value>100</value>
</property>
<property>
<name>fs.viewfs.mounttable.ClusterX.homedir</name>
<value>/</value>
</property>
<property>
<name>fs.viewfs.rename.strategy</name>
<value>SAME_FILESYSTEM_ACROSS_MOUNTPOINT</value>
</property>
<property>
<name>fs.obs.buffer.max.range</name>
<value>136000</value>
</property>
<property>
<name>hadoop.proxyuser.hive.hosts</name>
<value>*</value>
</property>
<property>
<name>fs.obs.threads.read.core</name>
<value>500</value>
</property>
<property>
<name>hadoop.spnego.allowed.ips</name>
<value>.*</value>
</property>
<property>
<name>hadoop.security.instrumentation.requires.admin</name>
<value>true</value>
</property>
<property>
<name>fs.obs.impl</name>
<value>org.apache.hadoop.fs.obs.OBSFileSystem</value>
</property>
<property>
<name>dfs.encrypt.data.transfer</name>
<value>false</value>
</property>
<property>
<name>ipc.client.ping</name>
<value>true</value>
</property>
<property>
<name>hadoop.proxyuser.rest.groups</name>
<value>*</value>
</property>
<property>
<name>fs.obs.getcanonicalservicename.enable</name>
<value>true</value>
</property>
<property>
<name>fs.nas.impl</name>
<value>com.huawei.nasfilesystem.ShareNASFileSystem</value>
</property>
<property>
<name>fs.obs.access.key</name>
<value></value>
</property>
<property>
<name>fs.obs.endpoint</name>
<value>obs.cn-east-2.myhuaweicloud.com</value>
</property>
<property>
<name>fs.obs.metrics.consumer</name>
<value>org.apache.hadoop.fs.obs.metrics.OBSAMetricsProvider</value>
</property>
<property>
<name>fs.obs.server-side-encryption-key</name>
<value></value>
</property>
<property>
<name>hadoop.ssl.require.client.cert</name>
<value>false</value>
</property>
<property>
<name>hbase.mob.compaction.mergeable.threshold</name>
<value>201326592</value>
</property>
<property>
<name>hadoop.security.openssl.engin.id</name>
<value>kae</value>
</property>
<property>
<name>hbase.mob.delfile.max.count</name>
<value>3</value>
</property>
<property>
<name>hadoop.security.key.provider.path</name>
<value></value>
</property>
<property>
<name>fs.obs.buffer.part.size</name>
<value>68000</value>
</property>
<property>
<name>hadoop.proxyuser.loader.hosts</name>
<value>*</value>
</property>
<property>
<name>ipc.client.connect.timeout</name>
<value>20000</value>
</property>
<property>
<name>fs.obs.write.buffer.size</name>
<value>8192</value>
</property>
<property>
<name>fs.obs.buffer.dir</name>
<value>${java.io.tmpdir}/HBase/obs</value>
</property>
<property>
<name>fs.obs.fast.upload.buffer</name>
<value>disk</value>
</property>
<property>
<name>hadoop.proxyuser.hue.hosts</name>
<value>*</value>
</property>
<property>
<name>fs.obs.readahead.range</name>
<value>2097152</value>
</property>
<property>
<name>hadoop.registry.system.accounts</name>
<value>sasl:mr_zk/hadoop@,sasl:mapred/hadoop@</value>
</property>
<property>
<name>hadoop.security.token.service.use_ip</name>
<value>true</value>
</property>
<property>
<name>fs.obs.list.threads.max</name>
<value>80</value>
</property>
<property>
<name>hbase.mob.compaction.threads.max</name>
<value>1</value>
</property>
<property>
<name>hadoop.proxyuser.thrift.hosts</name>
<value>*</value>
</property>
<property>
<name>hadoop.proxyuser.hue.groups</name>
<value>*</value>
</property>
<property>
<name>fs.obs.connection.maximum</name>
<value>1000</value>
</property>
<property>
<name>hadoop.proxyuser.hive.groups</name>
<value>*</value>
</property>
<property>
<name>hadoop.proxyuser.thrift.groups</name>
<value>*</value>
</property>
<property>
<name>fs.defaultFS</name>
<value>hdfs://hacluster</value>
</property>
<property>
<name>hbase.mob.compaction.chore.period</name>
<value>604800</value>
</property>
<property>
<name>fs.obs.server-side-encryption-type</name>
<value>NONE</value>
</property>
<property>
<name>hadoop.registry.zk.quorum</name>
<value>mrs-hbase-node-master1horw.mrs-bz7q.com:2181,mrs-hbase-node-master2jucy.mrs-bz7q.com:2181,mrs-hbase-node-master3yitc.mrs-bz7q.com:2181</value>
</property>
<property>
<name>hadoop.groupname</name>
<value>hadoop</value>
</property>
<property>
<name>fs.nas.mount.dir</name>
<value>/mnt/nfsdata0</value>
</property>
<property>
<name>hadoop.proxyuser._default_proxy_user_.groups</name>
<value>*</value>
</property>
<property>
<name>hadoop.proxyuser.pollux.groups</name>
<value>*</value>
</property>
<property>
<name>fs.AbstractFileSystem.nas.impl</name>
<value>com.huawei.nasfilesystem.WushanFs</value>
</property>
<property>
<name>hbase.admin.acl</name>
<value>hbase</value>
</property>
<property>
<name>dfs.encrypt.data.transfer.algorithm</name>
<value>3des</value>
</property>
<property>
<name>hadoop.ssl.hostname.verifier</name>
<value>DEFAULT</value>
</property>
<property>
<name>hadoop.security.crypto.codec.classes.aes.ctr.nopadding</name>
<value>org.apache.hadoop.crypto.OpensslAesCtrCryptoCodec,org.apache.hadoop.crypto.JceAesCtrCryptoCodec</value>
</property>
<property>
<name>hadoop.http.authentication.logout</name>
<value>https://10.2.2.142:20009/cas/logout</value>
</property>
<property>
<name>hbase.mob.cache.evict.remain.ratio</name>
<value>0.5</value>
</property>
<property>
<name>hadoop.ssl.server.conf</name>
<value>ssl-server.xml</value>
</property>
<property>
<name>net.topology.impl</name>
<value>org.apache.hadoop.hdfs.net.DFSNetworkTopologyWithAZ</value>
</property>
<property>
<name>fs.obs.read.buffer.size</name>
<value>8192</value>
</property>
<property>
<name>fs.AbstractFileSystem.obs.impl</name>
<value>org.apache.hadoop.fs.obs.OBS</value>
</property>
<property>
<name>hadoop.proxyuser.omm.hosts</name>
<value>*</value>
</property>
<property>
<name>fs.obs.copypart.size</name>
<value>104857600</value>
</property>
<property>
<name>hbase.mob.cache.evict.period</name>
<value>3600</value>
</property>
<property>
<name>hadoop.http.server.name</name>
<value>https://mrs-hbase-node-master2jucy.mrs-bz7q.com:16010</value>
</property>
<property>
<name>ha.zookeeper.session-timeout.ms</name>
<value>45000</value>
</property>
<property>
<name>hbase.http.include.ciphers.ext</name>
<value>TLS_DHE_RSA_WITH_AES_128_GCM_SHA256,TLS_DHE_DSS_WITH_AES_256_GCM_SHA384,TLS_PSK_WITH_AES_128_GCM_SHA256,TLS_PSK_WITH_AES_256_GCM_SHA384,TLS_DHE_PSK_WITH_AES_128_GCM_SHA256,TLS_DHE_PSK_WITH_AES_256_GCM_SHA384,TLS_DHE_PSK_WITH_CHACHA20_POLY1305_SHA256,TLS_ECDHE_ECDSA_WITH_AES_128_GCM_SHA256,TLS_ECDHE_ECDSA_WITH_AES_256_GCM_SHA384,TLS_ECDHE_RSA_WITH_AES_128_GCM_SHA256,TLS_ECDHE_RSA_WITH_AES_256_GCM_SHA384,TLS_ECDHE_RSA_WITH_CHACHA20_POLY1305_SHA256,TLS_ECDHE_PSK_WITH_CHACHA20_POLY1305_SHA256,TLS_ECDHE_PSK_WITH_AES_128_GCM_SHA256,TLS_ECDHE_PSK_WITH_AES_256_GCM_SHA384,TLS_ECDHE_PSK_WITH_AES_128_CCM_SHA256,TLS_DHE_RSA_WITH_AES_128_CCM,TLS_DHE_RSA_WITH_AES_256_CCM,TLS_DHE_RSA_WITH_AES_128_CCM_8,TLS_DHE_RSA_WITH_AES_256_CCM_8,TLS_DHE_RSA_WITH_CHACHA20_POLY1305_SHA256,TLS_PSK_WITH_AES_128_CCM,TLS_PSK_WITH_AES_256_CCM,TLS_DHE_PSK_WITH_AES_128_CCM,TLS_DHE_PSK_WITH_AES_256_CCM,TLS_PSK_WITH_AES_128_CCM_8,TLS_PSK_WITH_AES_256_CCM_8,TLS_PSK_DHE_WITH_AES_128_CCM_8,TLS_PSK_DHE_WITH_AES_256_CCM_8,TLS_ECDHE_ECDSA_WITH_AES_128_CCM,TLS_ECDHE_ECDSA_WITH_AES_256_CCM,TLS_ECDHE_ECDSA_WITH_AES_128_CCM_8,TLS_ECDHE_ECDSA_WITH_AES_256_CCM_8,TLS_ECDHE_ECDSA_WITH_CHACHA20_POLY1305_SHA256</value>
</property>
<property>
<name>hadoop.rpc.protection</name>
<value>authentication</value>
</property>
<property>
<name>hadoop.security.credstore.java-keystore-provider.password-file</name>
<value>s3p.file</value>
</property>
<property>
<name>fs.obs.experimental.input.fadvise</name>
<value>random</value>
</property>
<property>
<name>fs.s3a.list.version</name>
<value>1</value>
</property>
<property>
<name>fs.obs.connection.ssl.enabled</name>
<value>false</value>
</property>
<property>
<name>fs.obs.threads.read.max</name>
<value>1000</value>
</property>
</configuration>
