<?xml version="1.0" encoding="UTF-8"?>
<configuration>
<property>
<name>master.rmi.RMIClientSocketFactory.class</name>
<value>com.huawei.bigdata.om.controller.api.extern.monitor.RmiClientLocalhostSocketFactory</value>
</property>
<property>
<name>hbase.az.grouploadbalancer.class</name>
<value>org.apache.hadoop.hbase.rsgroup.RSGroupBasedLoadBalancer</value>
</property>
<property>
<name>hbase.server.thread.wakefrequency</name>
<value>10000</value>
</property>
<property>
<name>hbase.master.loadbalance.bytable</name>
<value>true</value>
</property>
<property>
<name>hbase.master.executor.closeregion.threads</name>
<value>25</value>
</property>
<property>
<name>hbase.ipc.server.metacallqueue.read.ratio</name>
<value>0.5</value>
</property>
<property>
<name>dfs.replication</name>
<value>3</value>
</property>
<property>
<name>hbase.master.executor.serverops.threads</name>
<value>50</value>
</property>
<property>
<name>hbase.master.port</name>
<value>16000</value>
</property>
<property>
<name>hbase.replication.sync.table.schema.on.delete</name>
<value>false</value>
</property>
<property>
<name>hbase.oldwals.cleaner.thread.size</name>
<value>5</value>
</property>
<property>
<name>hbase.hmaster.ip.lists</name>
<value>mrs-hbase-node-master2jucy.mrs-bz7q.com,mrs-hbase-node-master3yitc.mrs-bz7q.com</value>
</property>
<property>
<name>hbase.master.executor.openregion.threads</name>
<value>25</value>
</property>
<property>
<name>hbase.assignment.dispatch.wait.queue.max.size</name>
<value>100</value>
</property>
<property>
<name>hbase.fileStream.cleaner.ttl.thread.wakefrequency</name>
<value>86400</value>
</property>
<property>
<name>hbase.rsgroup.grouploadbalancer.class</name>
<value>org.apache.hadoop.hbase.master.balancer.StochasticLoadBalancer</value>
</property>
<property>
<name>hbase.client.primaryCallTimeout.get</name>
<value>10000</value>
</property>
<property>
<name>hbase.server</name>
<value>HBase</value>
</property>
<property>
<name>hbase.dfs.client.read.shortcircuit.buffer.size</name>
<value>131072</value>
</property>
<property>
<name>master.rmi.registry.ip</name>
<value>127.0.0.1</value>
</property>
<property>
<name>hbase.fileStream.cleaner.tmp.thread.wakefrequency</name>
<value>3600</value>
</property>
<property>
<name>hbase.regionserver.wal.codec</name>
<value>org.apache.hadoop.hbase.regionserver.wal.IndexedWALEditCodec</value>
</property>
<property>
<name>hbase.client.zookeeper.property.clientPort</name>
<value>2181</value>
</property>
<property>
<name>hbase.ipc.client.specificThreadForWriting</name>
<value>false</value>
</property>
<property>
<name>hbase.replication.sync.hindex.specification</name>
<value>false</value>
</property>
<property>
<name>hbase.hmaster.hfilecleaner.trash.enabled</name>
<value>true</value>
</property>
<property>
<name>hbase.zookeeper.quorum</name>
<value>mrs-hbase-node-master1horw.mrs-bz7q.com,mrs-hbase-node-master2jucy.mrs-bz7q.com,mrs-hbase-node-master3yitc.mrs-bz7q.com</value>
</property>
<property>
<name>hbase.client.write.buffer</name>
<value>2097152</value>
</property>
<property>
<name>hbase.large.object.threshold.max</name>
<value>10485760</value>
</property>
<property>
<name>hbase.filestream.rootdir</name>
<value>/hbaseFileStream</value>
</property>
<property>
<name>hbase.rpc.protection</name>
<value>authentication</value>
</property>
<property>
<name>hbase.crypto.keyprovider.parameters.uri</name>
<value></value>
</property>
<property>
<name>hbase.rootdir</name>
<value>hdfs://hacluster/hbase</value>
</property>
<property>
<name>hbase.coprocessor.enabled</name>
<value>true</value>
</property>
<property>
<name>hfile.format.version</name>
<value>3</value>
</property>
<property>
<name>hbase.regionserver.hfilecleaner.large.queue.size</name>
<value>10240</value>
</property>
<property>
<name>hbase.rsgroup.ui.modify.wait.ms</name>
<value>5000</value>
</property>
<property>
<name>hbase.coprocessor.user.enabled</name>
<value>true</value>
</property>
<property>
<name>hbase.master.cleaner.interval</name>
<value>60000</value>
</property>
<property>
<name>hbase.splitlog.manager.timeout</name>
<value>600000</value>
</property>
<property>
<name>hbase.master.metafixer.max.merge.count</name>
<value>64</value>
</property>
<property>
<name>hbase.snapshot.enabled</name>
<value>true</value>
</property>
<property>
<name>hbase.ranger.enabled</name>
<value>false</value>
</property>
<property>
<name>hbase.client.ipc.pool.size</name>
<value>5</value>
</property>
<property>
<name>hbase.external.data.rootdir</name>
<value>hdfs://hacluster/hbase/extdata</value>
</property>
<property>
<name>zookeeper.session.timeout</name>
<value>90000</value>
</property>
<property>
<name>dfs.domain.socket.path</name>
<value>/var/run/FusionInsight-HDFS/dn_socket</value>
</property>
<property>
<name>phoenix.coprocessor.maxServerCacheTimeToLiveMs</name>
<value>1800000</value>
</property>
<property>
<name>jmx.include.hosts</name>
<value>.*</value>
</property>
<property>
<name>hbase.master.ui.readonly</name>
<value>true</value>
</property>
<property>
<name>hbase.meta.replicas.use</name>
<value>false</value>
</property>
<property>
<name>hbase.regionserver.metahandler.count</name>
<value>200</value>
</property>
<property>
<name>hbase.renegotiation.allowed</name>
<value>false</value>
</property>
<property>
<name>hbase.master.loadbalancer.class</name>
<value>org.apache.hadoop.hbase.rsgroup.RSGroupBasedLoadBalancer</value>
</property>
<property>
<name>hbase.quota.refresh.period</name>
<value>300000</value>
</property>
<property>
<name>hbase.replication.sync.table.schema.on.create</name>
<value>false</value>
</property>
<property>
<name>hbase.replication.sync.namespace.schema</name>
<value>false</value>
</property>
<property>
<name>hbase.coprocessor.abortonerror</name>
<value>true</value>
</property>
<property>
<name>hbase.az.health.monitor.chore.interval</name>
<value>300000</value>
</property>
<property>
<name>hbase.master.balancer.stochastic.maxRunningTime</name>
<value>300000</value>
</property>
<property>
<name>hbase.regionserver.hfilecleaner.small.thread.count</name>
<value>5</value>
</property>
<property>
<name>hbase.crypto.master.key.name</name>
<value>omm</value>
</property>
<property>
<name>hbase.priority.rsgroup.enabled</name>
<value>false</value>
</property>
<property>
<name>hbase.huawei.restore.tmpdir</name>
<value>hdfs://hacluster/hbase/extdata/restore/tmp</value>
</property>
<property>
<name>hbase.cleaner.scan.dir.concurrent.size</name>
<value>0.5</value>
</property>
<property>
<name>hbase.ipc.server.callqueue.handler.factor</name>
<value>0.1</value>
</property>
<property>
<name>hbase.mirror.table.state.to.zookeeper</name>
<value>false</value>
</property>
<property>
<name>hbase.master.wait.on.regionservers.timeout</name>
<value>4500</value>
</property>
<property>
<name>hbase.fileStream.cleaner.ttl.expire.time</name>
<value>604800</value>
</property>
<property>
<name>hbase.ssl.enabled</name>
<value>true</value>
</property>
<property>
<name>hbase.superuser</name>
<value>hbase,@supergroup,@zkclient,omm,@System_administrator_186</value>
</property>
<property>
<name>hbase.master.logcleaner.ttl</name>
<value>600000</value>
</property>
<property>
<name>hbase.master.namespace.init.timeout</name>
<value>3600000</value>
</property>
<property>
<name>hbase.http.servlet.cookie.samesite</name>
<value>Strict</value>
</property>
<property>
<name>hbase.regionserver.handler.count</name>
<value>50</value>
</property>
<property>
<name>hbase.master.ipc.address</name>
<value>mrs-hbase-node-master2jucy.mrs-bz7q.com</value>
</property>
<property>
<name>hbase.assignment.dispatch.wait.msec</name>
<value>150</value>
</property>
<property>
<name>hbase.crypto.keyprovider.parameters</name>
<value>?encryptedtext=</value>
</property>
<property>
<name>dfs.client.read.shortcircuit.streams.cache.expiry.ms</name>
<value>100000</value>
</property>
<property>
<name>hbase.crypto.cipherprovider</name>
<value>com.huawei.hadoop.hbase.io.crypto.HuaweiCipherProvider</value>
</property>
<property>
<name>phoenix.default.column.encoded.bytes.attrib</name>
<value>0</value>
</property>
<property>
<name>hbase.replication.sync.table.schema</name>
<value>true</value>
</property>
<property>
<name>hbase.rpc.server.impl</name>
<value>org.apache.hadoop.hbase.ipc.NettyRpcServer</value>
</property>
<property>
<name>hbase.crypto.wal.algorithm</name>
<value>AES</value>
</property>
<property>
<name>hbase.assignment.retry.immediately.maximum.attempts</name>
<value>3</value>
</property>
<property>
<name>hbase.coprocessor.master.classes</name>
<value>org.apache.hadoop.hbase.hindex.server.master.HIndexMasterCoprocessor,com.huawei.hadoop.hbase.backup.services.RecoveryCoprocessor,org.apache.hadoop.hbase.security.access.ReadOnlyClusterEnabler,org.apache.hadoop.hbase.rsgroup.RSGroupAdminEndpoint</value>
</property>
<property>
<name>hbase.huawei.backup.output</name>
<value>/user/hbase/hbaseBackup/hbase</value>
</property>
<property>
<name>hbase.crypto.key.algorithm</name>
<value>AES</value>
</property>
<property>
<name>hbase.rpc.client.impl</name>
<value>org.apache.hadoop.hbase.ipc.NettyRpcClient</value>
</property>
<property>
<name>hbase.client.replicaCallTimeout.scan</name>
<value>1000000</value>
</property>
<property>
<name>hbase.regionserver.thread.hfilecleaner.throttle</name>
<value>67108864</value>
</property>
<property>
<name>hbase.hmaster.hfilecleaner.force.delete</name>
<value>true</value>
</property>
<property>
<name>hbase.crypto.keyprovider.parameters.encryptedtext</name>
<value></value>
</property>
<property>
<name>hbase.assignment.dead.region.metric.chore.interval.msec</name>
<value>120000</value>
</property>
<property>
<name>hbase.util.ip.to.rack.determiner</name>
<value>org.apache.hadoop.net.ScriptBasedMapping</value>
</property>
<property>
<name>hbase.config.crypt.class</name>
<value>com.huawei.hadoop.datasight.security.FMHbaseCryptAdapter</value>
</property>
<property>
<name>hbase.data.rootdir</name>
<value>/hbase</value>
</property>
<property>
<name>hbase.client.retries.number</name>
<value>35</value>
</property>
<property>
<name>hbase.quota.enabled</name>
<value>false</value>
</property>
<property>
<name>hbase.assignment.rit.chore.interval.msec</name>
<value>1800000</value>
</property>
<property>
<name>hbase.master.initializationmonitor.timeout</name>
<value>3600000</value>
</property>
<property>
<name>hbase.replication.cluster.id</name>
<value></value>
</property>
<property>
<name>hbase.netty.worker.count</name>
<value>0</value>
</property>
<property>
<name>hbase.server.alias</name>
<value>HBase</value>
</property>
<property>
<name>hbase.regionserver.hfilecleaner.small.queue.size</name>
<value>10240</value>
</property>
<property>
<name>hbase.snapshot.master.timeout.millis</name>
<value>300000</value>
</property>
<property>
<name>hbase.huawei.restore.output</name>
<value>hdfs://hacluster/hbase/extdata/hbaseRestore</value>
</property>
<property>
<name>dfs.client.read.shortcircuit.streams.cache.size</name>
<value>512</value>
</property>
<property>
<name>zookeeper.znode.parent</name>
<value>/hbase</value>
</property>
<property>
<name>hbase.master.maxclockskew</name>
<value>30000</value>
</property>
<property>
<name>hbase.master.info.port</name>
<value>16010</value>
</property>
<property>
<name>hbase.master.initializationmonitor.haltontimeout</name>
<value>false</value>
</property>
<property>
<name>hbase.cluster.distributed</name>
<value>true</value>
</property>
<property>
<name>hbase.master.hfilecleaner.ttl</name>
<value>300000</value>
</property>
<property>
<name>master.rmi.connector.port</name>
<value>21306</value>
</property>
<property>
<name>hbase.client.primaryCallTimeout.multiget</name>
<value>10000</value>
</property>
<property>
<name>hbase.coprocessor.user.region.classes</name>
<value></value>
</property>
<property>
<name>hbase.fs.tmp.dir</name>
<value>/tmp</value>
</property>
<property>
<name>hbase.master.balancer.uselocality</name>
<value>true</value>
</property>
<property>
<name>hbase.client.rpc.codec</name>
<value>org.apache.hadoop.hbase.codec.KeyValueCodecWithTags</value>
</property>
<property>
<name>hbase.az.expression</name>
<value>REP:AZ1[0.34],AZ2[0.33],AZ3[0.33]</value>
</property>
<property>
<name>hbase.security.authorization</name>
<value>false</value>
</property>
<property>
<name>hbase.ipc.server.callqueue.scan.ratio</name>
<value>0</value>
</property>
<property>
<name>hbase.coprocessor.master.enable.jmx</name>
<value>true</value>
</property>
<property>
<name>hbase.regionserver.hlog.writer.impl</name>
<value>org.apache.hadoop.hbase.regionserver.wal.SecureProtobufLogWriter</value>
</property>
<property>
<name>hbase.procedure.store.wal.use.hsync</name>
<value>false</value>
</property>
<property>
<name>master.rmi.registry.host</name>
<value>127.0.0.1</value>
</property>
<property>
<name>hbase.meta.versions</name>
<value>10</value>
</property>
<property>
<name>hbase.fileStream.cleaner.tmp.expire.time</name>
<value>86400</value>
</property>
<property>
<name>zookeeper.huawei.backup.parent</name>
<value>hwbackup/hbase</value>
</property>
<property>
<name>hbase.crypto.keyprovider</name>
<value>org.apache.hadoop.hbase.io.crypto.KeyStoreKeyProvider</value>
</property>
<property>
<name>hbase.http.filter.initializers</name>
<value>com.huawei.hadoop.hbase.adapter.sso.FlowCtrlFilter,com.huawei.hadoop.hbase.adapter.sso.XSSFilterInitializer,com.huawei.hadoop.hbase.adapter.sso.LogoutFilterInitializer</value>
</property>
<property>
<name>hbase.client.pause</name>
<value>100</value>
</property>
<property>
<name>hbase.master.info.bindAddress</name>
<value>mrs-hbase-node-master2jucy.mrs-bz7q.com</value>
</property>
<property>
<name>master.rmi.registry.port</name>
<value>21306</value>
</property>
<property>
<name>dfs.client.read.shortcircuit</name>
<value>true</value>
</property>
<property>
<name>hbase.az.health.status.threshold</name>
<value>0.5</value>
</property>
<property>
<name>hbase.master.preload.tabledescriptors</name>
<value>false</value>
</property>
<property>
<name>phoenix.coprocessor.maxMetaDataCacheTimeToLiveMs</name>
<value>1800000</value>
</property>
<property>
<name>hbase.client.max.perserver.tasks</name>
<value>5</value>
</property>
<property>
<name>hbase.ipc.server.callqueue.read.ratio</name>
<value>0</value>
</property>
<property>
<name>hbase.master.procedure.threads</name>
<value>20</value>
</property>
<property>
<name>hbase.regionserver.hfilecleaner.large.thread.count</name>
<value>5</value>
</property>
<property>
<name>hbase.rsgroup.fallback.enable</name>
<value>true</value>
</property>
<property>
<name>HBASE_ZK_SSL_ENABLED</name>
<value>false</value>
</property>
<property>
<name>hbase.metrics.rit.stuck.warning.threshold</name>
<value>300000</value>
</property>
<property>
<name>hbase.master.wait.on.regionservers.mintostart</name>
<value>1</value>
</property>
<property>
<name>hbase.huawei.restore.output.v2</name>
<value>hdfs://hacluster/hbase/extdata/restore/output</value>
</property>
<property>
<name>hbase.client.keyvalue.maxsize</name>
<value>10485760</value>
</property>
<property>
<name>hbase.normalizer.period</name>
<value>1800000</value>
</property>
<property>
<name>hbase.http.filter.referrerpolicy.value</name>
<value>strict-origin-when-cross-origin</value>
</property>
<property>
<name>hbase.client.scanner.caching</name>
<value>100</value>
</property>
<property>
<name>hbase.rootdir.perms</name>
<value>1770</value>
</property>
<property>
<name>hbase.regionserver.hlog.reader.impl</name>
<value>org.apache.hadoop.hbase.regionserver.wal.SecureProtobufLogReader</value>
</property>
<property>
<name>hbase.unsafe.stream.capability.enforce</name>
<value>true</value>
</property>
<property>
<name>hbase.rpc.timeout</name>
<value>60000</value>
</property>
<property>
<name>hbase.zookeeper.property.clientPort</name>
<value>2181</value>
</property>
<property>
<name>hbase.split.wal.zk.coordinated</name>
<value>false</value>
</property>
<property>
<name>hbase.regionserver.wal.encryption</name>
<value>false</value>
</property>
<property>
<name>hbase.replication.bulkload.enabled</name>
<value>false</value>
</property>
<property>
<name>hbase.region.assignment.auto.recovery.enabled</name>
<value>true</value>
</property>
<property>
<name>hbase.fileStream.cleaner.ttl.enable</name>
<value>false</value>
</property>
</configuration>
