<?xml version="1.0" encoding="UTF-8"?>
<!DOCTYPE mapper PUBLIC "-//mybatis.org//DTD Mapper 3.0//EN" "http://mybatis.org/dtd/mybatis-3-mapper.dtd">
<mapper namespace="com.bosch.rbcd.data.mapper.CcuDownloadRecordMapper">

    <resultMap id="VehicleDownloadUserRecordMap" type="com.bosch.rbcd.data.pojo.entity.CcuDownloadRecord">
        <result column="id" property="id"/>
        <result column="user_id" property="userId"/>
        <result column="online_record_id" property="onlineRecordId"/>
        <result column="file_type" property="fileType"/>
        <result column="status" property="status"/>
        <result column="create_time" property="createTime"/>
        <result column="update_time" property="updateTime"/>
    </resultMap>

    <resultMap id="VehicleDownloadUserRecordVOMap" type="com.bosch.rbcd.data.pojo.vo.CcuDownloadRecordVO">
        <result column="id" property="id"/>
        <result column="user_name" property="userName"/>
        <result column="online_record_id" property="onlineRecordId"/>
        <result column="file_type" property="fileType"/>
        <result column="status" property="status"/>
        <result column="create_time" property="createTime"/>
        <result column="ccu_id" property="ccuId"/>
        <result column="vin" property="vin"/>
        <result column="ccu_no" property="ccuNo"/>
        <result column="online_date" property="onlineDate"/>
        <result column="cluster_flag" property="clusterFlag"/>
        <result column="csv_path" property="csvPath"/>
        <result column="mf4_path" property="mf4Path"/>
    </resultMap>

    <!-- 基本字段 -->
    <sql id="VehicleDownloadUserRecord_Column_List">
        id, user_id, online_record_id, file_type, status, create_time, update_time
    </sql>

    <!--通过查询实体作为筛选条件查询-->
    <select id="listCcuDownloadRecordPage" resultMap="VehicleDownloadUserRecordVOMap">
        select cdr.*,cor.id as
        online_record_id,cor.ccu_no,cor.csv_path,cor.mf4_path,cor.cluster_flag,cor.ccu_id,cor.online_date
        from ccu_download_record cdr
        left join ccu_online_record cor on cdr.online_record_id = cor.id
        <where>
            1=1
            <if test="queryParams.idList != null and queryParams.idList.size >0 ">
                and cdr.id in
                <foreach collection="queryParams.idList" item="item" open="(" separator="," close=")">
                    #{item}
                </foreach>
            </if>
            <if test="queryParams.userId != null">
                and user_id = #{queryParams.userId}
            </if>
            <if test="queryParams.userName != null and queryParams.userName != '' ">
                and user_name = #{queryParams.userName}
            </if>
            <if test="queryParams.fileType != null and queryParams.fileType != ''">
                and file_type = #{queryParams.fileType}
            </if>
            <if test="queryParams.status != null">
                and status = #{queryParams.status}
            </if>
            <if test="queryParams.startTime != null">
                and cdr.create_time  <![CDATA[>=]]> #{queryParams.startTime}
            </if>
            <if test="queryParams.endTime != null">
                and cdr.create_time  <![CDATA[<=]]> #{queryParams.endTime}
            </if>
        </where>
        order by create_time desc
    </select>

    <update id="updateDownRecordStatus">
        update ccu_download_record
        set status = 2
        where online_record_id = #{onlineRecordId} and file_type = #{fileType}
    </update>

</mapper>

