<?xml version="1.0" encoding="UTF-8"?>
<!DOCTYPE mapper PUBLIC "-//mybatis.org//DTD Mapper 3.0//EN" "http://mybatis.org/dtd/mybatis-3-mapper.dtd">
<mapper namespace="com.bosch.rbcd.data.mapper.CcuEventDataRecordMapper">

    <resultMap id="CcuEventDataRecordMap" type="com.bosch.rbcd.data.pojo.entity.CcuEventDataRecord">
        <result column="id" property="id"/>
        <result column="ccu_id" property="ccuId"/>
        <result column="vehicle_id" property="vehicleId"/>
        <result column="event_type" property="eventType"/>
        <result column="event_time" property="eventTime"/>
        <result column="fault_level" property="faultLevel"/>
        <result column="error_counter" property="errorCounter"/>
        <result column="file_path" property="filePath"/>
        <result column="create_time" property="createTime"/>
        <result column="update_time" property="updateTime"/>
    </resultMap>

    <resultMap id="CcuEventDataRecordVOMap" type="com.bosch.rbcd.data.pojo.vo.CcuEventDataRecordVO">
        <result column="id" property="id"/>
        <result column="ccu_id" property="ccuId"/>
        <result column="vehicle_id" property="vehicleId"/>
        <result column="can_channel" property="canChannel"/>
        <result column="event_type" property="eventType"/>
        <result column="event_time" property="eventTime"/>
        <result column="fault_level" property="faultLevel"/>
        <result column="error_counter" property="errorCounter"/>
        <result column="file_path" property="filePath"/>
    </resultMap>

    <!-- 基本字段 -->
    <sql id="CcuEventDataRecord_Column_List">
        id, ccu_id, vehicle_id, can_channel, event_type, event_time, fault_level, error_counter, file_path,
        create_time, update_time
    </sql>

    <!--通过查询实体作为筛选条件查询-->
    <select id="listCcuEventDataRecordPage" resultType="com.bosch.rbcd.data.pojo.vo.CcuEventDataRecordVO">
        select
        cedr.*,cdi.ccu_no ccuNo,cdi.short_sn, fv.name vehicle_name,fv.vin, fv.engine_no
        from ccu_event_data_record cedr
        left join ccu_device_info cdi on cedr.ccu_id = cdi.ccu_id
        left join fleet_vehicle fv on cedr.vehicle_id = fv.id
        <where>
            <if test="queryParams.projectIdList != null and queryParams.projectIdList.size > 0">
                and cdi.project_id in
                <foreach collection="queryParams.projectIdList" item="item" open="(" separator="," close=")">
                    #{item}
                </foreach>
            </if>
            <if test="queryParams.ccuIdList != null and queryParams.ccuIdList.size >0 ">
                and cedr.ccu_id in
                <foreach collection="queryParams.ccuIdList" item="ccuId" open="(" separator="," close=")">
                    #{ccuId}
                </foreach>
            </if>
            <if test="queryParams.groupIdSet != null">
                and fv.vehicle_id in (
                select distinct fgv.vehicle_id  from fleet_group_vehicle fgv
                where fgv.group_id  in
                <foreach collection="queryParams.groupIdSet" item="item" open="(" separator="," close=")">
                    #{item}
                </foreach>
                )
            </if>
            <if test="queryParams.idList != null and queryParams.idList.size >0 ">
                and cedr.id in
                <foreach collection="queryParams.idList" item="item" open="(" separator="," close=")">
                    #{item}
                </foreach>
            </if>
            <if test="queryParams.eventType != null and queryParams.eventType != ''">
                and cedr.event_type = #{queryParams.eventType}
            </if>
            <if test="queryParams.canChannel != null and queryParams.canChannel != ''">
                and cedr.can_channel = #{queryParams.canChannel}
            </if>
            <if test="queryParams.faultLevel != null and queryParams.faultLevel != ''">
                and cedr.fault_level = #{queryParams.faultLevel}
            </if>
            <if test="queryParams.errorCounter != null and queryParams.errorCounter != ''">
                and cedr.error_counter = #{queryParams.errorCounter}
            </if>
            <if test="queryParams.filePath != null and queryParams.filePath != ''">
                and cedr.file_path = #{queryParams.filePath}
            </if>
            <if test="queryParams.startTime != null and queryParams.endTime != null">
                and cedr.event_time <![CDATA[>=]]> #{queryParams.startTime}
                and cedr.event_time <![CDATA[<=]]> #{queryParams.endTime}
            </if>
            <if test="queryParams.ccuNoList != null and queryParams.ccuNoList.size >0 ">
                and cdi.ccu_no in
                <foreach collection="queryParams.ccuNoList" item="item" open="(" separator="," close=")">
                    #{item}
                </foreach>
            </if>
            <if test="queryParams.ccuNo != null  and queryParams.ccuNo != '' ">
                and cdi.ccu_no like concat ('%',#{queryParams.ccuNo},'%')
            </if>
            <if test="queryParams.shortSn != null  and queryParams.shortSn != '' ">
                and cdi.short_sn like concat ('%',#{queryParams.shortSn},'%')
            </if>
            <if test="queryParams.vin != null  and queryParams.vin != '' ">
                and fv.vin like concat ('%',#{queryParams.vin},'%')
            </if>
            <if test="queryParams.engineNo != null  and queryParams.engineNo != '' ">
                and fv.engine_no like concat ('%',#{queryParams.engineNo},'%')
            </if>
        </where>
    </select>
</mapper>

