<?xml version="1.0" encoding="UTF-8"?>
<!DOCTYPE mapper PUBLIC "-//mybatis.org//DTD Mapper 3.0//EN" "http://mybatis.org/dtd/mybatis-3-mapper.dtd">
<mapper namespace="com.bosch.rbcd.data.mapper.CcuOnlineRecordMapper">

    <resultMap id="VehicleOnlineRecordMap" type="com.bosch.rbcd.data.pojo.entity.CcuOnlineRecord">
        <result column="id" property="id"/>
        <result column="ccu_id" property="ccuId"/>
        <result column="ccu_no" property="ccuNo"/>
        <result column="online_date" property="onlineDate"/>
        <result column="cluster_flag" property="clusterFlag"/>
        <result column="csv_path" property="csvPath"/>
        <result column="config_id" property="configId"/>
        <result column="create_time" property="createTime"/>
        <result column="update_time" property="updateTime"/>
        <result column="mf4_path" property="mf4Path"/>
    </resultMap>

    <resultMap id="CcuOnlineRecordVOMap" type="com.bosch.rbcd.data.pojo.vo.CcuOnlineRecordVO">
        <result column="id" property="id"/>
        <result column="ccu_id" property="ccuId"/>
        <result column="ccu_no" property="ccuNo"/>
        <result column="short_sn" property="shortSn"/>
        <result column="vin" property="vin"/>
        <result column="vehicle_id" property="vehicleId"/>
        <result column="vehicle_name" property="vehicleName"/>
        <result column="engine_no" property="engineNo"/>
        <result column="online_date" property="onlineDate"/>
        <result column="cluster_flag" property="clusterFlag"/>
        <result column="csv_path" property="csvPath"/>
        <result column="config_id" property="configId"/>
        <result column="create_time" property="createTime"/>
        <result column="update_time" property="updateTime"/>
        <result column="mf4_path" property="mf4Path"/>
        <result column="data_count" property="dataCount"/>
    </resultMap>

    <!-- 基本字段 -->
    <sql id="VehicleOnlineRecord_Column_List">
        id, ccu_id, ccu_no, online_date, cluster_flag, csv_path, config_id, create_time, update_time, mf4_path
    </sql>

    <sql id="Base_Where_Query">
        <if test="queryParams.projectIdList != null and queryParams.projectIdList.size > 0">
            and cor.project_id in
            <foreach collection="queryParams.projectIdList" item="item" open="(" separator="," close=")">
                #{item}
            </foreach>
        </if>
        <if test="queryParams.groupIdSet != null">
            and mv.vehicle_id in (
            select distinct fgv.vehicle_id from fleet_group_vehicle fgv
            where fgv.group_id in
            <foreach collection="queryParams.groupIdSet" item="item" open="(" separator="," close=")">
                #{item}
            </foreach>
            )
        </if>
        <if test="queryParams.idList != null and queryParams.idList.size >0 ">
            and cor.id in
            <foreach collection="queryParams.idList" item="item" open="(" separator="," close=")">
                #{item}
            </foreach>
        </if>
        <if test="queryParams.ccuIdList != null and queryParams.ccuIdList.size >0 ">
            and cor.ccu_id in
            <foreach collection="queryParams.ccuIdList" item="ccuId" open="(" separator="," close=")">
                #{ccuId}
            </foreach>
        </if>
        <if test="queryParams.ccuNoList != null and queryParams.ccuNoList.size >0 ">
            and cor.ccu_no in
            <foreach collection="queryParams.ccuNoList" item="item" open="(" separator="," close=")">
                #{item}
            </foreach>
        </if>
        <if test="queryParams.ccuNo != null  and queryParams.ccuNo != '' ">
            and cor.ccu_no like concat ('%',#{queryParams.ccuNo},'%')
        </if>
        <if test="queryParams.vin != null  and queryParams.vin != '' ">
            and fv.vin like concat ('%',#{queryParams.vin},'%')
        </if>
        <if test="queryParams.vehicleName != null  and queryParams.vehicleName != '' ">
            and fv.name like concat ('%',#{queryParams.vehicleName},'%')
        </if>
        <if test="queryParams.engineNo != null  and queryParams.engineNo != '' ">
            and fv.engine_no like concat ('%',#{queryParams.engineNo},'%')
        </if>
        <if test="queryParams.shortSn != null  and queryParams.shortSn != '' ">
            and cdi.short_sn like concat ('%',#{queryParams.shortSn},'%')
        </if>
        <if test="queryParams.startTime != null">
            and cor.online_date <![CDATA[>=]]> DATE_FORMAT(#{queryParams.startTime},'%Y%m%d')
        </if>
        <if test="queryParams.endTime != null">
            and cor.online_date <![CDATA[<=]]> DATE_FORMAT(#{queryParams.endTime},'%Y%m%d')
        </if>
        <if test="queryParams.ccuIdDateList != null  and queryParams.ccuIdDateList.size >0 ">
            and concat(cor.ccu_id,'-',cor.online_date) in
            <foreach collection="queryParams.ccuIdDateList" item="item" open="(" separator="," close=")">
                #{item}
            </foreach>
        </if>
    </sql>

    <!--通过查询实体作为筛选条件查询-->
    <select id="listVehicleOnlineRecordPage" resultMap="CcuOnlineRecordVOMap">
        select
        cor.*,cdi.short_sn, fv.name vehicle_name,fv.vin, fv.engine_no
        from ccu_online_record cor
        left join ccu_device_info cdi on cor.ccu_id = cdi.ccu_id
        left join fleet_vehicle fv on cor.vehicle_id = fv.id
        <where>
            <include refid="Base_Where_Query"/>
        </where>
        order by cor.online_date desc, fv.vin
    </select>

    <select id="listCcuAndVin" resultType="java.util.Map">
        select ccu_id ccuId, ccu_no vehicleName, vin
        from ccu_online_record
        <where>
            <include refid="Base_Where_Query"/>
        </where>
        group by ccu_no, vin
    </select>

    <select id="listDayOnlineCcu" resultType="java.util.Map">
        select cor.online_date onlineDate, count(cor.ccu_id) sumOnline
        from ccu_online_record cor
        left join ccu_device_info cdi on cor.ccu_id = cdi.ccu_id
        <where>
            <if test="queryParams.projectIdList != null and queryParams.projectIdList.size > 0">
                and cdi.project_id in
                <foreach collection="queryParams.projectIdList" item="item" open="(" separator="," close=")">
                    #{item}
                </foreach>
            </if>
            <if test="queryParams.ccuIdList != null and queryParams.ccuIdList.size >0 ">
                and cor.ccu_id in
                <foreach collection="queryParams.ccuIdList" item="ccuId" open="(" separator="," close=")">
                    #{ccuId}
                </foreach>
            </if>
            <if test="queryParams.startTime != null">
                and cor.online_date <![CDATA[>=]]> DATE_FORMAT(#{queryParams.startTime},'%Y%m%d')
            </if>
            <if test="queryParams.endTime != null">
                and cor.online_date <![CDATA[<=]]> DATE_FORMAT(#{queryParams.endTime},'%Y%m%d')
            </if>
            group by cor.online_date
        </where>
    </select>

    <select id="getOneAutoMf4Record" resultType="com.bosch.rbcd.data.pojo.entity.CcuOnlineRecord">
        select
            cor.id,
            cor.ccu_id,
            cor.ccu_no,
            cor.online_date,
            cor.cluster_flag,
            cor.csv_path,
            cor.mf4_path,
            cor.config_id,
            cor.create_time,
            cor.update_time,
            cor.vehicle_id,
            cor.data_count,
            cor.hive_cluster_flag
        from ccu_online_record cor
        left join ccu_device_info cdi on cor.ccu_id = cdi.ccu_id
        <where>cor.cluster_flag =1 and cor.mf4_path is null
            <if test="mf4projectIds != null and mf4projectIds.length > 0">
                and cdi.project_id in
                <foreach collection="mf4projectIds" item="item" open="(" separator="," close=")">
                    #{item}
                </foreach>
            </if>
            <if test="creatingIdSet != null and creatingIdSet.size > 0 ">
                and cor.id not in
                <foreach collection="creatingIdSet" item="item" open="(" separator="," close=")">
                    #{item}
                </foreach>
            </if>
        </where>
        order by cor.online_date desc
        limit 1
    </select>

    <select id="listOnlineDate" resultType="java.lang.String">
        select distinct cor.online_date
        from ccu_online_record cor
        left join ccu_device_info cdi on cor.ccu_id = cdi.ccu_id
        left join fleet_vehicle fv on cor.vehicle_id = fv.id
        <where>
            <include refid="Base_Where_Query"/>
        </where>
        order by cor.online_date desc
    </select>


    <select id="countVehicleOnlineDate" resultType="java.lang.Long">
        SELECT COUNT(*)
        from ccu_online_record cor
        where cor.ccu_id in (select distinct pvd.ccu_id
                             from fleet_project_vehicle_device pvd
                                      left join fleet_project fp on pvd.project_id = fp.id
                             where fp.power_train_id = #{powertrainId})
    </select>

    <select id="statistics" resultType="com.bosch.rbcd.data.vo.CcuOnlineRecordStatisticVO">
        select
            online_date as online_date,
            count(*) as online_count
        from ccu_online_record
        <where>
            <if test="projectIdList != null">
                AND project_id in
                <foreach collection="projectIdList" item="projectId" open="(" separator="," close=")">
                    #{projectId}
                </foreach>
            </if>
            <if test="startTime != null">
                and online_date <![CDATA[>=]]> DATE_FORMAT(#{startTime},'%Y%m%d')
            </if>
            <if test="endTime != null">
                and online_date <![CDATA[<=]]> DATE_FORMAT(#{endTime},'%Y%m%d')
            </if>
        </where>
        group by online_date
        order by online_date
    </select>

    <select id="dataCount" resultType="java.lang.Long">
        SELECT
            IFNULL( SUM( data_count ), 0 )
        FROM
            ccu_online_record
        <where>
            <if test="projectId != null">
                AND project_id = #{projectId}
            </if>
            <if test="startTime != null">
                AND online_date <![CDATA[>=]]> DATE_FORMAT(#{startTime},'%Y%m%d')
            </if>
            <if test="endTime != null">
                AND online_date <![CDATA[<=]]> DATE_FORMAT(#{endTime},'%Y%m%d')
            </if>
        </where>
    </select>
</mapper>

