<?xml version="1.0" encoding="UTF-8"?>
<!DOCTYPE mapper PUBLIC "-//mybatis.org//DTD Mapper 3.0//EN" "http://mybatis.org/dtd/mybatis-3-mapper.dtd">
<mapper namespace="com.bosch.rbcd.data.mapper.FcevDataMapper">


    <select id="queryBySql" resultType="java.util.Map" statementType="STATEMENT">
        set hive.exec.dynamic.partition.mode = strict
        ${sql}
    </select>

    <select id="count" resultType="java.lang.Integer" statementType="STATEMENT">
        ${sql}
    </select>

    <select id="listDayVehicleRunTime" resultType="com.bosch.rbcd.data.pojo.vo.VehicleDayRuntime"
            statementType="STATEMENT">
        ${sql}
    </select>

    <select id="listDayVehicleDistance" resultType="com.bosch.rbcd.data.pojo.vo.VehicleDayDistance"
            statementType="STATEMENT">
        ${sql}
    </select>

    <select id="getAllVehicleRunTime" resultType="java.lang.Double" statementType="STATEMENT">
        ${sql}
    </select>

    <select id="getAllVehicleMileage" resultType="java.lang.Double" statementType="STATEMENT">
        ${sql}
    </select>

    <select id="getLastDay" resultType="java.lang.String" statementType="STATEMENT">
        ${sql}
    </select>

    <select id="getTop10MileageVehicles" resultType="com.bosch.rbcd.data.dto.VehicleMileageDTO" statementType="STATEMENT">
        ${sql}
    </select>
    <select id="getVehicle10DaysAverageMileage" resultType="com.bosch.rbcd.data.dto.AverageDayMileageDTO" statementType="STATEMENT">
        ${sql}
    </select>

    <select id="listVehicleMileageAndRuntime"
            resultType="com.bosch.rbcd.data.pojo.dto.VehicleMileageAndRuntimeDTO" statementType="STATEMENT">
        ${sql}
    </select>


</mapper>
