<?xml version="1.0" encoding="UTF-8"?>
<!DOCTYPE mapper PUBLIC "-//mybatis.org//DTD Mapper 3.0//EN" "http://mybatis.org/dtd/mybatis-3-mapper.dtd">
<mapper namespace="com.bosch.rbcd.data.mapper.MonitorFcpmSttoplvlRecordMapper">

    <resultMap id="MonitorFcpmSttoplvlRecordMap" type="com.bosch.rbcd.data.pojo.entity.MonitorFcpmSttoplvlRecord">
        <result column="id" property="id"/>
        <result column="ccu_id" property="ccuId"/>
        <result column="occur_date" property="occurDate"/>
        <result column="start_time" property="startTime"/>
        <result column="stop_time" property="stopTime"/>
        <result column="create_time" property="createTime"/>
        <result column="update_time" property="updateTime"/>
    </resultMap>

    <!--通过查询实体作为筛选条件查询-->
    <select id="listMonitorFcpmSttoplvlRecordPage" resultType="com.bosch.rbcd.data.pojo.vo.MonitorFcpmSttoplvlRecordVO">
        select mfsr.*,cdi.ccu_no,mv.name vehicleName,mv.vin,mv.engine_no, cpi.name projectName
        from monitor_fcpm_sttoplvl_record mfsr
        left join ccu_device_info cdi on mfsr.ccu_id = cdi.ccu_id
        left join monitor_vehicle mv on mfsr.ccu_id = mv.ccu_id
        left join ccu_project_info cpi on cdi.project_id = cpi.id
        <where>
            1=1
            <if test="queryParams.id != null">
                and mfsr.id = #{queryParams.id}
            </if>
            <if test="queryParams.ccuId != null and queryParams.ccuId != ''">
                and mfsr.ccu_id = #{queryParams.ccuId}
            </if>
            <if test="queryParams.occurDate != null">
                and mfsr.occur_date = DATE(#{queryParams.occurDate})
            </if>
        </where>
    </select>

    <select id="getCcuCountMap" resultType="com.bosch.rbcd.data.pojo.entity.MonitorFcpmSttoplvlRecord">
        select mfsr.ccu_id ,max(mfsr.day_count) day_count
        from monitor_fcpm_sttoplvl_record mfsr
        <where>
            mfsr.occur_date = DATE(#{date})
            <if test="ccuIds != null and ccuIds.size > 0">
                and mfsr.ccu_id in
                <foreach collection="ccuIds" open="(" item="item" separator="," close=")">
                    #{item}
                </foreach>
            </if>
        </where>
        group by mfsr.ccu_id
    </select>
</mapper>

